figure,quantity,group,n_rollouts,n_tokens/note,stat,value,ci_lo,ci_hi
fig1,g,correct,238,50282,mean,0.043194640427827835,0.04070992162451148,0.04553010491654277
fig1,g,wrong,62,13179,mean,0.05227266252040863,0.04742547897621989,0.05707217399030924
fig1,frac(p_S<0.5 & g>0.5),correct,238,,fraction,0.014319239489280457,0.013142182145115273,0.0155507911275514
fig1,frac(p_S<0.5 & g>0.5),wrong,62,,fraction,0.021928826162834814,0.018875763105673096,0.02504887726902371
fig2,delta,correct,238,50282,mean,0.013314624316990376,0.012558780750259757,0.013988182577304541
fig2,delta,wrong,62,13179,mean,0.012381543405354023,0.011137131368741393,0.013577262917533518
fig2,js_sib,correct,238,50282,mean,0.005233614705502987,0.005068031616974622,0.005385977553669363
fig2,js_sib,wrong,62,13179,mean,0.004955914802849293,0.004602633533068001,0.005303926509805023
fig3,"js_sib | step in [0,8)",correct,238,,mean,0.004715549759566784,0.004344131425023079,0.00509603195823729
fig3,"js_sib | step in [8,16)",correct,236,,mean,0.0037995956372469664,0.0033495730196591465,0.004253014305140822
fig3,"js_sib | step in [16,24)",correct,221,,mean,0.004560358356684446,0.0039057616668287665,0.0052488147979602206
fig3,"js_sib | step in [24,32)",correct,235,,mean,0.005300392396748066,0.004795238794758916,0.005797058285679668
fig3,"js_sib | step in [32,40)",correct,193,,mean,0.004179812967777252,0.0036584151326678692,0.004710943379905075
fig3,"js_sib | step in [40,48)",correct,232,,mean,0.0060601988807320595,0.005403246381320059,0.006712997599970549
fig3,"js_sib | step in [48,56)",correct,214,,mean,0.005081642884761095,0.004532930476125329,0.005625980580225587
fig3,"js_sib | step in [56,64)",correct,191,,mean,0.005241560749709606,0.004483844165224582,0.005968301964458078
fig3,"js_sib | step in [64,72)",correct,210,,mean,0.00565659673884511,0.005015950871165842,0.0063743393402546636
fig3,"js_sib | step in [72,80)",correct,182,,mean,0.005152119789272547,0.004533915978390724,0.005710061092395335
fig3,"js_sib | step in [80,88)",correct,195,,mean,0.005217135418206453,0.004667823645286262,0.0058439239743165675
fig3,"js_sib | step in [88,96)",correct,188,,mean,0.005465829279273748,0.004878696950618178,0.006089824100490659
fig3,"js_sib | step in [96,104)",correct,176,,mean,0.0056408606469631195,0.004918918677140028,0.006354888400528579
fig3,"js_sib | step in [104,112)",correct,174,,mean,0.005698197986930609,0.005064250249415636,0.006381667754612862
fig3,"js_sib | step in [112,120)",correct,148,,mean,0.006263590883463621,0.005170377332251519,0.007530193752609192
fig3,"js_sib | step in [120,128)",correct,74,,mean,0.00490039587020874,0.00411179339280352,0.005695647571701557
fig3,"js_sib | step in [128,136)",correct,36,,mean,0.006386962719261646,0.004924743506126106,0.007805070397444069
fig3,"js_sib | step in [136,144)",correct,12,,mean,0.0028362616430968046,0.0011173388716997578,0.00484683566028252
fig3,"js_sib | step in [144,152)",correct,1,,mean,1.4829511201241985e-06,1.4829511201241985e-06,1.4829511201241985e-06
fig3,"js_sib | step in [0,8)",wrong,62,,mean,0.004736046772450209,0.00391596513800323,0.005498713173437864
fig3,"js_sib | step in [8,16)",wrong,62,,mean,0.0028337091207504272,0.0021771101688500493,0.0035326710494700815
fig3,"js_sib | step in [16,24)",wrong,55,,mean,0.003919325303286314,0.002637771004810929,0.005241374264005571
fig3,"js_sib | step in [24,32)",wrong,62,,mean,0.0038954659830778837,0.0031291232095099985,0.004664750839583575
fig3,"js_sib | step in [32,40)",wrong,55,,mean,0.004314021673053503,0.00328242449904792,0.005378673470113426
fig3,"js_sib | step in [40,48)",wrong,61,,mean,0.004667238797992468,0.003652212576707825,0.005762263026554137
fig3,"js_sib | step in [48,56)",wrong,59,,mean,0.00458217179402709,0.0034588198061101137,0.005757190892472863
fig3,"js_sib | step in [56,64)",wrong,51,,mean,0.005144496913999319,0.00393818129086867,0.006271846627350895
fig3,"js_sib | step in [64,72)",wrong,58,,mean,0.006360800005495548,0.00506684381980449,0.007861259952187536
fig3,"js_sib | step in [72,80)",wrong,49,,mean,0.00504241231828928,0.00392031081719324,0.00613368151243776
fig3,"js_sib | step in [80,88)",wrong,51,,mean,0.005703453440219164,0.0045452486607246104,0.006967778003308922
fig3,"js_sib | step in [88,96)",wrong,50,,mean,0.005224002990871668,0.0034553061763290317,0.007244809065014123
fig3,"js_sib | step in [96,104)",wrong,47,,mean,0.006450524087995291,0.005063713260460645,0.007869751867838204
fig3,"js_sib | step in [104,112)",wrong,48,,mean,0.005359751172363758,0.004187809501308948,0.006466831581201403
fig3,"js_sib | step in [112,120)",wrong,33,,mean,0.004987895023077726,0.0037012555578257887,0.006213865766767411
fig3,"js_sib | step in [120,128)",wrong,31,,mean,0.005063930526375771,0.003590887214522809,0.00649442619178444
fig3,"js_sib | step in [128,136)",wrong,22,,mean,0.004645448178052902,0.0034041462873574345,0.0057862925343215455
fig3,"js_sib | step in [136,144)",wrong,6,,mean,0.004371198359876871,0.0023607457987964153,0.006474494468420744
fig3,"js_sib | step in [144,152)",wrong,1,,mean,0.001787483924999833,0.001787483924999833,0.001787483924999833
fig3,"delta | step in [0,8)",correct,238,,mean,0.013572662137448788,0.01240249495021999,0.014722671988420187
fig3,"delta | step in [8,16)",correct,236,,mean,0.010452446527779102,0.0090118161868304,0.011913290969096123
fig3,"delta | step in [16,24)",correct,221,,mean,0.013134089298546314,0.011161245591938495,0.015128840180113911
fig3,"delta | step in [24,32)",correct,235,,mean,0.013375382870435715,0.011812482727691531,0.01490685271564871
fig3,"delta | step in [32,40)",correct,193,,mean,0.01191466860473156,0.010265902080573142,0.013532487908378243
fig3,"delta | step in [40,48)",correct,232,,mean,0.015272822231054306,0.010907505708746611,0.018422200810164213
fig3,"delta | step in [48,56)",correct,214,,mean,0.013205653056502342,0.011460048402659595,0.014881357946433126
fig3,"delta | step in [56,64)",correct,191,,mean,0.014550993219017982,0.01242498264182359,0.01672297483310103
fig3,"delta | step in [64,72)",correct,210,,mean,0.01351864356547594,0.009818579978309571,0.016217943420633672
fig3,"delta | step in [72,80)",correct,182,,mean,0.013831263408064842,0.011909097596071661,0.01565525368787348
fig3,"delta | step in [80,88)",correct,195,,mean,0.014096111059188843,0.012344355578534305,0.015936508495360612
fig3,"delta | step in [88,96)",correct,188,,mean,0.013791050761938095,0.01176336701028049,0.0158326162956655
fig3,"delta | step in [96,104)",correct,176,,mean,0.01223108172416687,0.007389615674037486,0.015457049431279301
fig3,"delta | step in [104,112)",correct,174,,mean,0.014578516595065594,0.012342020473442971,0.016732595488429067
fig3,"delta | step in [112,120)",correct,148,,mean,0.009787642396986485,0.0018674657330848279,0.01542009131517261
fig3,"delta | step in [120,128)",correct,74,,mean,0.012905796989798546,0.010822081845253706,0.015052984026260673
fig3,"delta | step in [128,136)",correct,36,,mean,0.018443217501044273,0.013719006511382758,0.022844509314745663
fig3,"delta | step in [136,144)",correct,12,,mean,0.007604215759783983,0.0026677393354475496,0.013349727285094553
fig3,"delta | step in [144,152)",correct,1,,mean,-0.007970869541168213,-0.007970869541168213,-0.007970869541168213
fig3,"delta | step in [0,8)",wrong,62,,mean,0.014131216332316399,0.011644750833511353,0.01644910369068384
fig3,"delta | step in [8,16)",wrong,62,,mean,0.0077239167876541615,0.0049815205507911745,0.010203228774480521
fig3,"delta | step in [16,24)",wrong,55,,mean,0.0107549037784338,0.006882884970400483,0.014946601958945392
fig3,"delta | step in [24,32)",wrong,62,,mean,0.010158437304198742,0.008118736650794744,0.012335329176858067
fig3,"delta | step in [32,40)",wrong,55,,mean,0.012389570474624634,0.009303824370726943,0.01557643644046038
fig3,"delta | step in [40,48)",wrong,61,,mean,0.010631226003170013,0.00524068484082818,0.01449983026832342
fig3,"delta | step in [48,56)",wrong,59,,mean,0.011286326684057713,0.00687905615195632,0.014819225599057972
fig3,"delta | step in [56,64)",wrong,51,,mean,0.014171088114380836,0.01046501686796546,0.017542846826836465
fig3,"delta | step in [64,72)",wrong,58,,mean,0.01345275528728962,0.003683795680990443,0.02001960324123501
fig3,"delta | step in [72,80)",wrong,49,,mean,0.013728132471442223,0.010626177373342215,0.016801334917545315
fig3,"delta | step in [80,88)",wrong,51,,mean,0.013956989161670208,0.01002512730192393,0.01793598509393632
fig3,"delta | step in [88,96)",wrong,50,,mean,0.007916891016066074,-0.0036423360637854786,0.015507485927082596
fig3,"delta | step in [96,104)",wrong,47,,mean,0.015441155061125755,0.00981188123114407,0.019881478371098635
fig3,"delta | step in [104,112)",wrong,48,,mean,0.01565050333738327,0.012139007216319442,0.01903087645769119
fig3,"delta | step in [112,120)",wrong,33,,mean,0.013499363325536251,0.009352160152047873,0.017332341196015476
fig3,"delta | step in [120,128)",wrong,31,,mean,0.012254237197339535,0.00834389275405556,0.016043307026848197
fig3,"delta | step in [128,136)",wrong,22,,mean,0.0101688914000988,0.006761433219071478,0.013860236317850648
fig3,"delta | step in [136,144)",wrong,6,,mean,0.014027395285665989,0.0076616631937213246,0.019635962322354317
fig3,"delta | step in [144,152)",wrong,1,,mean,0.00527721643447876,0.00527721643447876,0.00527721643447876
fig4,js_sib,correct,238,base_thr |C_t|=6,mean,0.005233614705502987,0.005068031616974622,0.005385977553669363
fig4,js_sib,correct,239,best_thr |C_t|=12,mean,0.005949310027062893,0.005654325312934816,0.006251339963637292
fig4,js_sib,wrong,62,base_thr |C_t|=5,mean,0.004955914802849293,0.004602633533068001,0.005303926509805023
fig4,js_sib,wrong,61,best_thr |C_t|=9,mean,0.0073589361272752285,0.006744842161424458,0.008008777722716331
fig4,delta,correct,238,base_thr |C_t|=6,mean,0.013314624316990376,0.012558780750259757,0.013988182577304541
fig4,delta,correct,239,best_thr |C_t|=12,mean,-0.0008773987647145987,-0.004469984560273588,0.002372408926021306
fig4,delta,wrong,62,base_thr |C_t|=5,mean,0.012381543405354023,0.011137131368741393,0.013577262917533518
fig4,delta,wrong,61,best_thr |C_t|=9,mean,-0.011779607273638248,-0.02288973149843514,-0.0027819079463370154
fig5,cos_pi_sib,correct,238,50282,mean,0.5950369834899902,0.5814501151442528,0.6089198544621468
fig5,cos_pi_sib,wrong,62,13179,mean,0.5283983945846558,0.4939531147480011,0.561694173514843
fig5,frac(cos>0),correct,238,,fraction,0.7718268963048407,0.7641250118298195,0.7795123530430524
fig5,frac(cos>0),wrong,62,,fraction,0.7414826618104561,0.7230303333344564,0.7594281997602332
fig6,D_S,correct,238,ctrl_ok tokens,mean,0.012078160420060158,0.011127516510896385,0.012914915569126606
fig6,D_T,correct,238,ctrl_ok tokens,mean,0.005005730781704187,0.0027846956683788447,0.007496025203727184
fig6,D_S_ctrl,correct,238,ctrl_ok tokens,mean,0.01473437063395977,0.014016912272199988,0.015397044527344405
fig6,D_T_ctrl,correct,238,ctrl_ok tokens,mean,0.006278785411268473,0.004634622938465327,0.008639060240238902
fig6,D_S,wrong,62,ctrl_ok tokens,mean,0.010730728507041931,0.009372272482141852,0.01201695844065398
fig6,D_T,wrong,62,ctrl_ok tokens,mean,0.005144616588950157,0.004085245309397578,0.0062707850709557535
fig6,D_S_ctrl,wrong,62,ctrl_ok tokens,mean,0.013149921782314777,0.011310468893498182,0.014599786442704496
fig6,D_T_ctrl,wrong,62,ctrl_ok tokens,mean,0.006082993466407061,0.0048706283676438035,0.0073619805276393885
fig6,coord,correct,238,ctrl_ok tokens,mean,0.007072429172694683,0.004575562535319477,0.009152527991682287
fig6,coord_ctrl,correct,238,ctrl_ok tokens,mean,0.008455582894384861,0.006069199799094349,0.010108173103071749
fig6,coord,wrong,62,ctrl_ok tokens,mean,0.005586111452430487,0.003807863988913596,0.007307067594956605
fig6,coord_ctrl,wrong,62,ctrl_ok tokens,mean,0.0070669278502464294,0.00479489661520347,0.009021977521479128
fig7,D_S - D_S_ctrl (paired),correct,238,ctrl_ok tokens,mean,-0.002656209748238325,-0.0034420473035424947,-0.0018961079505970704
fig7,D_S - D_S_ctrl (paired),wrong,62,ctrl_ok tokens,mean,-0.0024191930424422026,-0.003990143828559667,-0.00031785321334609903
fig7,coord - coord_ctrl (paired),correct,238,ctrl_ok tokens,mean,-0.0013831551186740398,-0.002375851105898619,-6.58777516946435e-05
fig7,coord - coord_ctrl (paired),wrong,62,ctrl_ok tokens,mean,-0.0014808158157393336,-0.003189791669137776,0.0005971653736196453
fig8,pair co-gain P(both g>0) co-decoded,correct,238,173085 co-decoded pairs with a distance match,fraction,0.9161105815061964,nan,nan
fig8,pair co-gain distance-matched null,correct,238,perm p=0.0020,fraction,0.8379940953866597,0.8365971921310339,0.8393043880174481
fig8,pair co-gain real - matched expectation,correct,238,rollout bootstrap CI,difference,0.0780685448396683,0.06529440071384685,0.09180548733201944
fig8,"REF all-up rate (within-block shuffle, adjacency-confounded)",correct,238,real=0.8216,fraction,0.7197480881691409,0.7142000299895037,0.7253111411006148
fig8,pair co-gain P(both g>0) co-decoded,wrong,62,38957 co-decoded pairs with a distance match,fraction,0.9103113689452473,nan,nan
fig8,pair co-gain distance-matched null,wrong,62,perm p=0.0020,fraction,0.8635039659111328,0.8606007906152938,0.8662506096465333
fig8,pair co-gain real - matched expectation,wrong,62,rollout bootstrap CI,difference,0.04671065881863312,0.03159001230223833,0.06305058712316686
fig8,"REF all-up rate (within-block shuffle, adjacency-confounded)",wrong,62,real=0.8046,fraction,0.6869960696238069,0.6743121841661988,0.6993683323975295
fig10,sharpen,correct,238,,mean,0.9197128196969094,0.9139819792658088,0.9252376001342981
fig10,defer,correct,238,,mean,0.06914999403365021,0.06418922849174027,0.07435774560453422
fig10,redirect,correct,238,,mean,0.011137186269440356,0.010032700120806958,0.012343250093500171
fig10,sharpen,wrong,62,,mean,0.9015099779952955,0.8896899583340069,0.9134325222197263
fig10,defer,wrong,62,,mean,0.0841490249639578,0.0737282112376831,0.09467182760286208
fig10,redirect,wrong,62,,mean,0.014340997040746642,0.011704611395335374,0.01724409055440875
fig10,defer|redirect D_S<0 (conflict),correct,238,,mean,0.11780203236733158,0.10481314157575279,0.1309962739295046
fig10,defer|redirect D_S>=0,correct,238,,mean,0.06059122678197493,0.05462584807392012,0.06664523452397361
fig10,defer|redirect D_S<0 (conflict),wrong,62,,mean,0.12582781456953643,0.10116583312674478,0.1516431372549019
fig10,defer|redirect D_S>=0,wrong,62,,mean,0.07306912857464536,0.06122131973258754,0.0851689260720179
fig11,overlap,correct,238,,mean,0.5059210062026978,0.4976455748081207,0.5140534833073616
fig11,overlap,wrong,62,,mean,0.4986185133457184,0.483208554983139,0.514291787147522
fig11,all,correct,238,,mean,0.2681874229346486,0.2602885480884585,0.27615979298891735
fig11,D_S<0,correct,238,,mean,0.2852841550621001,0.2671486728922695,0.30273305098716746
fig11,D_S>=0,correct,238,,mean,0.2731772320578717,0.2644905029234526,0.2821704913387583
fig11,all,wrong,62,,mean,0.24197587070339177,0.22343850975116908,0.26072321561104833
fig11,D_S<0,wrong,62,,mean,0.24635761589403973,0.2129263449158604,0.28096110246981437
fig11,D_S>=0,wrong,62,,mean,0.2500562936275614,0.22956344901907755,0.26970969348463014
fig11,spearman,correct,238,,mean,0.22222748398780823,0.20949161238968372,0.23454559892416
fig11,spearman,wrong,62,,mean,0.2521679401397705,0.22219568975269793,0.28036143630743027
fig9,js_sib | |C_t| in 2,correct,237,base_thr,mean,0.005673084873706102,0.004951379098929465,0.006613155698869377
fig9,js_sib | |C_t| in 3-4,correct,237,base_thr,mean,0.006525255739688873,0.006197386048734188,0.006870359077583999
fig9,js_sib | |C_t| in 5-8,correct,237,base_thr,mean,0.007246201857924461,0.006882314686663449,0.0076391030568629505
fig9,js_sib | |C_t| in 9+,correct,237,base_thr,mean,0.006576064974069595,0.0062135245185345415,0.006923786737024784
fig9,js_sib | |C_t| in 2,wrong,61,base_thr,mean,0.005018831696361303,0.004273746919352561,0.005902045033872127
fig9,js_sib | |C_t| in 3-4,wrong,62,base_thr,mean,0.006744565907865763,0.005754787370096892,0.007832908118143677
fig9,js_sib | |C_t| in 5-8,wrong,62,base_thr,mean,0.007382536772638559,0.006742337043397129,0.008090423140674829
fig9,js_sib | |C_t| in 9+,wrong,61,base_thr,mean,0.006856725551187992,0.006193648849148303,0.007535374816507101
fig9,D_S | |C_t| in 2,correct,237,base_thr,mean,0.009225433692336082,0.0032803360023535787,0.013753745751455423
fig9,D_S | |C_t| in 3-4,correct,237,base_thr,mean,0.017191534861922264,0.01611718046478927,0.018258212553337216
fig9,D_S | |C_t| in 5-8,correct,237,base_thr,mean,0.017486797645688057,0.015148371015675366,0.019380508968606592
fig9,D_S | |C_t| in 9+,correct,237,base_thr,mean,0.018017088994383812,0.016999806137755515,0.019024680647999045
fig9,D_S | |C_t| in 2,wrong,61,base_thr,mean,0.00965912826359272,0.005812172940932214,0.012989865546114742
fig9,D_S | |C_t| in 3-4,wrong,62,base_thr,mean,0.01347717922180891,0.007611932302825153,0.018153941305354238
fig9,D_S | |C_t| in 5-8,wrong,62,base_thr,mean,0.019310088828206062,0.01714722951874137,0.02149908561259508
fig9,D_S | |C_t| in 9+,wrong,61,base_thr,mean,0.018869560211896896,0.01669799122028053,0.0209836205933243
