section,metric_id,label,run,group,n_rollouts,n_values,value,ci_lo,ci_hi,note
accuracy,accuracy,accuracy,fixed_base,all,300,,0.75,,,
accuracy,accuracy,accuracy,fixed_best,all,300,,0.82,,,
accuracy,accuracy,accuracy,thr_base,all,300,,0.7933333333333333,,,
accuracy,accuracy,accuracy,thr_best,all,300,,0.7966666666666666,,,
sweep,base,greedy accuracy,base,all,1,300,0.7833,,,
sweep,step-448,greedy accuracy,step-448,all,1,300,0.8267,,,
sweep,step-576,greedy accuracy,step-576,all,1,300,0.8233,,,
sweep,step-1152,greedy accuracy,step-1152,all,1,300,0.5933,,,
sweep,step-1344,greedy accuracy,step-1344,all,1,300,0.18,,,
pi_effect,g,g = log p_T(y) − log p_S(y),fixed_base,correct,225,47498,0.020717903971672058,0.01579181826673448,0.025409112498164178,
pi_effect,g,g = log p_T(y) − log p_S(y),fixed_best,correct,246,49618,-0.022333011031150818,-0.026341275684535502,-0.018360960716381672,
pi_effect,g,g = log p_T(y) − log p_S(y),thr_base,correct,238,50282,0.043194640427827835,0.04070992162451148,0.04553010491654277,
pi_effect,g,g = log p_T(y) − log p_S(y),thr_best,correct,239,48070,-0.017628859728574753,-0.024695152649655938,-0.011600618716329352,
pi_effect,g,g = log p_T(y) − log p_S(y),fixed_base,wrong,75,16218,0.027491526678204536,0.018642893992364407,0.036380391288548704,
pi_effect,g,g = log p_T(y) − log p_S(y),fixed_best,wrong,54,11134,-0.03095622919499874,-0.04221804467961192,-0.02072996264323593,
pi_effect,g,g = log p_T(y) − log p_S(y),thr_base,wrong,62,13179,0.05227266252040863,0.04742547897621989,0.05707217399030924,
pi_effect,g,g = log p_T(y) − log p_S(y),thr_best,wrong,61,12836,-0.025801898911595345,-0.03527624439448118,-0.017402771068736916,
pi_effect,frac_g_pos,P(g > 0),fixed_base,correct,225,47498,0.8539517453366458,0.8425828124077679,0.8647982944651506,
pi_effect,frac_g_pos,P(g > 0),fixed_best,correct,246,49618,0.3488048692006933,0.3387182468064803,0.3591347231911501,
pi_effect,frac_g_pos,P(g > 0),thr_base,correct,238,50282,0.9208066504912295,0.9151637655105879,0.9262404496758138,
pi_effect,frac_g_pos,P(g > 0),thr_best,correct,239,48070,0.5140836280424381,0.5013847810828986,0.5272503898870526,
pi_effect,frac_g_pos,P(g > 0),fixed_base,wrong,75,16218,0.8147737082254285,0.7953700157029829,0.8344734699161671,
pi_effect,frac_g_pos,P(g > 0),fixed_best,wrong,54,11134,0.3571941799892222,0.33443851474892294,0.379960085481521,
pi_effect,frac_g_pos,P(g > 0),thr_base,wrong,62,13179,0.9035586918582593,0.891929442739522,0.9150127563033948,
pi_effect,frac_g_pos,P(g > 0),thr_best,wrong,61,12836,0.48893736366469304,0.46052550602465026,0.516392282208296,
pi_effect,frac_lift,P(p_S(y)<0.5 且 g>0.5),fixed_base,correct,225,47498,0.02720114531138153,0.025167566197569168,0.029175549864478567,
pi_effect,frac_lift,P(p_S(y)<0.5 且 g>0.5),fixed_best,correct,246,49618,0.00572372929178927,0.004948670734622678,0.00650351800751418,
pi_effect,frac_lift,P(p_S(y)<0.5 且 g>0.5),thr_base,correct,238,50282,0.014319239489280457,0.013142182145115273,0.0155507911275514,
pi_effect,frac_lift,P(p_S(y)<0.5 且 g>0.5),thr_best,correct,239,48070,0.0026419804451841065,0.0021886971579375553,0.0031216393656970493,
pi_effect,frac_lift,P(p_S(y)<0.5 且 g>0.5),fixed_base,wrong,75,16218,0.040017264767542235,0.035606158791462436,0.044312471770583256,
pi_effect,frac_lift,P(p_S(y)<0.5 且 g>0.5),fixed_best,wrong,54,11134,0.007993533321358003,0.005882654055661302,0.010448314671719439,
pi_effect,frac_lift,P(p_S(y)<0.5 且 g>0.5),thr_base,wrong,62,13179,0.021928826162834814,0.018875763105673096,0.02504887726902371,
pi_effect,frac_lift,P(p_S(y)<0.5 且 g>0.5),thr_best,wrong,61,12836,0.0039732003739482704,0.002971635567992938,0.005077817615239662,
pi_effect,js_pi,"JS(p_S, p_T)",fixed_base,correct,225,47498,0.024997122585773468,0.023964632721617817,0.026101074321195482,
pi_effect,js_pi,"JS(p_S, p_T)",fixed_best,correct,246,49618,0.01337925624102354,0.012564030871726573,0.014212698093615472,
pi_effect,js_pi,"JS(p_S, p_T)",thr_base,correct,238,50282,0.019087083637714386,0.01852381182834506,0.01973261134698987,
pi_effect,js_pi,"JS(p_S, p_T)",thr_best,correct,239,48070,0.013965983875095844,0.012982113123871385,0.014967851852998136,
pi_effect,js_pi,"JS(p_S, p_T)",fixed_base,wrong,75,16218,0.03028944320976734,0.02837443007156253,0.032107504177838565,
pi_effect,js_pi,"JS(p_S, p_T)",fixed_best,wrong,54,11134,0.016631584614515305,0.01427794920746237,0.019255015999078747,
pi_effect,js_pi,"JS(p_S, p_T)",thr_base,wrong,62,13179,0.022487172856926918,0.021123276837170125,0.023884043656289575,
pi_effect,js_pi,"JS(p_S, p_T)",thr_best,wrong,61,12836,0.017232360318303108,0.015270808315835892,0.019415812380611894,
pi_effect,d_ent,H(p_T) − H(p_S),fixed_base,correct,225,47498,-0.1817067414522171,-0.18882505595684052,-0.17483215108513833,
pi_effect,d_ent,H(p_T) − H(p_S),fixed_best,correct,246,49618,-0.011640269309282303,-0.015420215507037937,-0.00785246591549367,
pi_effect,d_ent,H(p_T) − H(p_S),thr_base,correct,238,50282,-0.18778592348098755,-0.19193659201264382,-0.18370855860412122,
pi_effect,d_ent,H(p_T) − H(p_S),thr_best,correct,239,48070,-0.011945970356464386,-0.0181765990331769,-0.006019273423589771,
pi_effect,d_ent,H(p_T) − H(p_S),fixed_base,wrong,75,16218,-0.21487142145633698,-0.2285488959401846,-0.20154824070632457,
pi_effect,d_ent,H(p_T) − H(p_S),fixed_best,wrong,54,11134,-0.004276541527360678,-0.014286335976794361,0.007227102515753356,
pi_effect,d_ent,H(p_T) − H(p_S),thr_base,wrong,62,13179,-0.21126435697078705,-0.22180654294788837,-0.20049697458744048,
pi_effect,d_ent,H(p_T) − H(p_S),thr_best,wrong,61,12836,0.010119822807610035,-0.006961990240961313,0.029950694506987913,
pi_effect,sharpen,强化 sharpen,fixed_base,correct,225,47498,0.8508779317023875,0.8391411669149264,0.8619090933060026,
pi_effect,sharpen,强化 sharpen,fixed_best,correct,246,49618,0.3475553226651618,0.3374916441221253,0.3577801223534017,
pi_effect,sharpen,强化 sharpen,thr_base,correct,238,50282,0.9197128196969094,0.9139819792658088,0.9252376001342981,
pi_effect,sharpen,强化 sharpen,thr_best,correct,239,48070,0.5136467651341793,0.5009356034035206,0.5268178737939955,
pi_effect,sharpen,强化 sharpen,fixed_base,wrong,75,16218,0.8100258971513133,0.7895084007192171,0.8305683589666911,
pi_effect,sharpen,强化 sharpen,fixed_best,wrong,54,11134,0.35521825040416743,0.3324076429845142,0.3782733510013611,
pi_effect,sharpen,强化 sharpen,thr_base,wrong,62,13179,0.9015099779952955,0.8896899583340069,0.9134325222197263,
pi_effect,sharpen,强化 sharpen,thr_best,wrong,61,12836,0.48815830476784045,0.45953988643452764,0.5156900217627592,
pi_effect,defer,暂缓 defer,fixed_base,correct,225,47498,0.1219840835403596,0.11275380115153576,0.13183495930970848,
pi_effect,defer,暂缓 defer,fixed_best,correct,246,49618,0.6343867144987706,0.6247006938061799,0.6438409549211168,
pi_effect,defer,暂缓 defer,thr_base,correct,238,50282,0.06914999403365021,0.06418922849174027,0.07435774560453422,
pi_effect,defer,暂缓 defer,thr_best,correct,239,48070,0.47287289369669233,0.4600921757919347,0.48563047087387984,
pi_effect,defer,暂缓 defer,fixed_base,wrong,75,16218,0.15458132938710076,0.13777377272185118,0.17070696326684162,
pi_effect,defer,暂缓 defer,fixed_best,wrong,54,11134,0.6216992994431472,0.600212535796633,0.6435379570923823,
pi_effect,defer,暂缓 defer,thr_base,wrong,62,13179,0.0841490249639578,0.0737282112376831,0.09467182760286208,
pi_effect,defer,暂缓 defer,thr_best,wrong,61,12836,0.496416329074478,0.4688736030431503,0.5243118275840944,
pi_effect,redirect,改向 redirect,fixed_base,correct,225,47498,0.027137984757252938,0.02458525559721849,0.02974761570842804,
pi_effect,redirect,改向 redirect,fixed_best,correct,246,49618,0.018057962836067556,0.016383033695819442,0.01987777550499456,
pi_effect,redirect,改向 redirect,thr_base,correct,238,50282,0.011137186269440356,0.010032700120806958,0.012343250093500171,
pi_effect,redirect,改向 redirect,thr_best,correct,239,48070,0.013480341169128355,0.0115757199344785,0.015441011786116631,
pi_effect,redirect,改向 redirect,fixed_base,wrong,75,16218,0.03539277346158589,0.029937051813172303,0.04089442814256064,
pi_effect,redirect,改向 redirect,fixed_best,wrong,54,11134,0.02308245015268547,0.017941837868843735,0.029054976805639416,
pi_effect,redirect,改向 redirect,thr_base,wrong,62,13179,0.014340997040746642,0.011704611395335374,0.01724409055440875,
pi_effect,redirect,改向 redirect,thr_best,wrong,61,12836,0.01542536615768152,0.012413486494409764,0.018567679590204705,
sibling_gap,D_S,D_S（带符号）,fixed_base,correct,225,47498,-0.12950238585472107,-0.14644308388233185,-0.11349510177969935,
sibling_gap,D_S,D_S（带符号）,fixed_best,correct,246,49618,-0.11146902292966843,-0.12622443921864032,-0.09718217849731446,
sibling_gap,D_S,D_S（带符号）,thr_base,correct,238,39428,0.016991030424833298,0.016031814040616155,0.01779294582083821,
sibling_gap,D_S,D_S（带符号）,thr_best,correct,239,43859,-0.0009632643195800483,-0.004901890910696238,0.002591584349283946,
sibling_gap,D_S,D_S（带符号）,fixed_base,wrong,75,16218,-0.16306203603744507,-0.19103547744452953,-0.1352716330438853,
sibling_gap,D_S,D_S（带符号）,fixed_best,wrong,54,11134,-0.13665586709976196,-0.17576122991740703,-0.10168650113046171,
sibling_gap,D_S,D_S（带符号）,thr_base,wrong,62,9637,0.016961047425866127,0.015484573249705137,0.01832306352443993,
sibling_gap,D_S,D_S（带符号）,thr_best,wrong,61,11310,-0.013346324674785137,-0.026083230040967464,-0.0031394449237268423,
sibling_gap,absD_S,|D_S|,fixed_base,correct,225,47498,0.2111121565103531,0.19361840151250362,0.22985486425459378,
sibling_gap,absD_S,|D_S|,fixed_best,correct,246,49618,0.14015932381153107,0.1252039134502411,0.15581078343093396,
sibling_gap,absD_S,|D_S|,thr_base,correct,238,39428,0.02130497619509697,0.02050526151433587,0.022174264211207627,
sibling_gap,absD_S,|D_S|,thr_best,correct,239,43859,0.028135795146226883,0.02464365717023611,0.032043990958482024,
sibling_gap,absD_S,|D_S|,fixed_base,wrong,75,16218,0.2635728120803833,0.23109094351530074,0.2964594140648842,
sibling_gap,absD_S,|D_S|,fixed_best,wrong,54,11134,0.1725410521030426,0.13361786715686322,0.2168822612613439,
sibling_gap,absD_S,|D_S|,thr_base,wrong,62,9637,0.021826868876814842,0.02013632212765515,0.02368612317368388,
sibling_gap,absD_S,|D_S|,thr_best,wrong,61,11310,0.04389060661196709,0.0336861839517951,0.05659649102017283,
sibling_gap,frac_DS_neg,P(D_S < 0),fixed_base,correct,225,47498,0.2592319676617963,0.25433693840511207,0.2642827361156898,
sibling_gap,frac_DS_neg,P(D_S < 0),fixed_best,correct,246,49618,0.25333548309081383,0.24838182199513492,0.25828373608071564,
sibling_gap,frac_DS_neg,P(D_S < 0),thr_base,correct,238,39428,0.06738865780663487,0.06416225623407602,0.07060447368977874,
sibling_gap,frac_DS_neg,P(D_S < 0),thr_best,correct,239,43859,0.07628992909095055,0.07343805660851296,0.07925677979644656,
sibling_gap,frac_DS_neg,P(D_S < 0),fixed_base,wrong,75,16218,0.2746947835738069,0.26559411863849636,0.28326941797553035,
sibling_gap,frac_DS_neg,P(D_S < 0),fixed_best,wrong,54,11134,0.27609125202083706,0.26668326338128223,0.2861919218795925,
sibling_gap,frac_DS_neg,P(D_S < 0),thr_base,wrong,62,9637,0.07834388295112586,0.0702196252266774,0.08714356007256364,
sibling_gap,frac_DS_neg,P(D_S < 0),thr_best,wrong,61,11310,0.09000884173297967,0.08348411804465543,0.09683169989672137,
sibling_gap,js_sib,"JS(p_S, p_sib)",fixed_base,correct,225,47498,0.019950471818447113,0.01882723569869995,0.021203954610973595,
sibling_gap,js_sib,"JS(p_S, p_sib)",fixed_best,correct,246,49618,0.01092001423239708,0.010118617163971066,0.011736863036639988,
sibling_gap,js_sib,"JS(p_S, p_sib)",thr_base,correct,238,39428,0.006673626601696014,0.0064805821632035075,0.006863958376925439,
sibling_gap,js_sib,"JS(p_S, p_sib)",thr_best,correct,239,43859,0.00652006221935153,0.006201828469056636,0.006850991863757372,
sibling_gap,js_sib,"JS(p_S, p_sib)",fixed_base,wrong,75,16218,0.025785395875573158,0.023492165189236403,0.028121701162308454,
sibling_gap,js_sib,"JS(p_S, p_sib)",fixed_best,wrong,54,11134,0.013700015842914581,0.011325122159905731,0.01647824076935649,
sibling_gap,js_sib,"JS(p_S, p_sib)",thr_base,wrong,62,9637,0.006776248104870319,0.006321083044167608,0.007211539091076702,
sibling_gap,js_sib,"JS(p_S, p_sib)",thr_best,wrong,61,11310,0.008351036347448826,0.007636635273229331,0.009087463933974502,
sibling_gap,D_S_early,D_S，block 0–1,fixed_base,correct,225,14400,-0.18077318370342255,-0.2130666919052601,-0.14900314025580888,
sibling_gap,D_S_early,D_S，block 0–1,fixed_best,correct,246,15744,-0.13715015351772308,-0.16327872946858407,-0.11099414918571712,
sibling_gap,D_S_early,D_S，block 0–1,thr_base,correct,238,10123,0.018872447311878204,0.01798874489031732,0.01970285945571959,
sibling_gap,D_S_early,D_S，block 0–1,thr_best,correct,239,13122,0.003622830845415592,-0.0009357034257845952,0.007662240299396217,
sibling_gap,D_S_early,D_S，block 0–1,fixed_base,wrong,75,4800,-0.1895674616098404,-0.2493896085768938,-0.13242510370910168,
sibling_gap,D_S_early,D_S，block 0–1,fixed_best,wrong,54,3456,-0.13058826327323914,-0.1817048776894808,-0.08485236912965775,
sibling_gap,D_S_early,D_S，block 0–1,thr_base,wrong,62,2424,0.017892682924866676,0.016513538314029574,0.019305479992181063,
sibling_gap,D_S_early,D_S，block 0–1,thr_best,wrong,61,3241,0.004973218776285648,-0.002856533403974026,0.01066771843470633,
sibling_gap,D_S_mid,D_S，block 2–4,fixed_base,correct,225,21066,-0.12456201761960983,-0.14814937934279443,-0.10163800250738861,
sibling_gap,D_S_mid,D_S，block 2–4,fixed_best,correct,246,22840,-0.09914261847734451,-0.12163003701716661,-0.07731618564575911,
sibling_gap,D_S_mid,D_S，block 2–4,thr_base,correct,237,18226,0.01692107692360878,0.01556374430656433,0.01808924446813762,
sibling_gap,D_S_mid,D_S，block 2–4,thr_best,correct,239,20743,0.0004889616975560784,-0.004937603895086795,0.0050275383284315404,
sibling_gap,D_S_mid,D_S，block 2–4,fixed_base,wrong,75,7147,-0.16515062749385834,-0.20832053534686565,-0.12535148859024056,
sibling_gap,D_S_mid,D_S，block 2–4,fixed_best,wrong,54,5005,-0.11735805869102478,-0.17118093743920326,-0.06705902405083179,
sibling_gap,D_S_mid,D_S，block 2–4,thr_base,wrong,62,4422,0.015984242781996727,0.012978137331083417,0.018469277024269103,
sibling_gap,D_S_mid,D_S，block 2–4,thr_best,wrong,61,5183,-0.005517160519957542,-0.02070046993903816,0.00612921012798324,
sibling_gap,D_S_late,D_S，block 5–6,fixed_base,correct,204,12032,-0.07679078727960587,-0.1036993820220232,-0.05023239161819221,
sibling_gap,D_S_late,D_S，block 5–6,fixed_best,correct,210,11034,-0.1003408208489418,-0.12992689125239848,-0.07380887493491176,
sibling_gap,D_S_late,D_S，block 5–6,thr_base,correct,217,11079,0.015387039631605148,0.013145726616494357,0.017304045800119638,
sibling_gap,D_S_late,D_S，block 5–6,thr_best,correct,206,9994,-0.009998911991715431,-0.02101695756427944,-0.0008024242080864508,
sibling_gap,D_S_late,D_S，block 5–6,fixed_base,wrong,71,4271,-0.1297786980867386,-0.17414746843278409,-0.08793986141681673,
sibling_gap,D_S_late,D_S，block 5–6,fixed_best,wrong,47,2673,-0.18063458800315857,-0.27217384427785873,-0.09843428786844018,
sibling_gap,D_S_late,D_S，block 5–6,thr_base,wrong,57,2791,0.01769953966140747,0.015461784554645419,0.019980962481349705,
sibling_gap,D_S_late,D_S，block 5–6,thr_best,wrong,57,2886,-0.04797979071736336,-0.09221830051392317,-0.01486990286502992,
teacher_gap,D_T,D_T（带符号）,fixed_base,correct,225,47498,-0.09537669271230698,-0.10978268813341856,-0.08210488688200712,
teacher_gap,D_T,D_T（带符号）,fixed_best,correct,246,49618,-0.041064415127038956,-0.049596456531435254,-0.033247597422450786,
teacher_gap,D_T,D_T（带符号）,thr_base,correct,238,39428,0.005233132746070623,0.0033565592661034317,0.007422153896186497,
teacher_gap,D_T,D_T（带符号）,thr_best,correct,239,43859,0.02492983639240265,0.01840785788372159,0.03280205354094505,
teacher_gap,D_T,D_T（带符号）,fixed_base,wrong,75,16218,-0.11983495950698853,-0.14357469826936722,-0.09748468454927206,
teacher_gap,D_T,D_T（带符号）,fixed_best,wrong,54,11134,-0.0374147966504097,-0.05608977396041155,-0.021279456652700906,
teacher_gap,D_T,D_T（带符号）,thr_base,wrong,62,9637,0.006288185250014067,0.004913329565897584,0.007800076948478817,
teacher_gap,D_T,D_T（带符号）,thr_best,wrong,61,11310,0.024556385353207588,0.012748423614539206,0.036276412475854156,
teacher_gap,absD_T,|D_T|,fixed_base,correct,225,47498,0.14352241158485413,0.12782680802047253,0.1601933512836694,
teacher_gap,absD_T,|D_T|,fixed_best,correct,246,49618,0.07616464048624039,0.06733600478619337,0.08569577522575855,
teacher_gap,absD_T,|D_T|,thr_base,correct,238,39428,0.007597558666020632,0.005904744635336101,0.009888329170644281,
teacher_gap,absD_T,|D_T|,thr_best,correct,239,43859,0.036325789988040924,0.029702099272981286,0.044230826105922445,
teacher_gap,absD_T,|D_T|,fixed_base,wrong,75,16218,0.18393446505069733,0.1556015819311142,0.21257510595023632,
teacher_gap,absD_T,|D_T|,fixed_best,wrong,54,11134,0.08482068032026291,0.06355241164565087,0.10882011782377955,
teacher_gap,absD_T,|D_T|,thr_base,wrong,62,9637,0.008035940118134022,0.00652761566452682,0.009739868692122398,
teacher_gap,absD_T,|D_T|,thr_best,wrong,61,11310,0.048617295920848846,0.03860585689544678,0.06032950347289442,
teacher_gap,abs_reduction,|D_S| − |D_T|（配对）,fixed_base,correct,225,47498,0.06758973747491837,0.060517479199916124,0.07462083976715803,
teacher_gap,abs_reduction,|D_S| − |D_T|（配对）,fixed_best,correct,246,49618,0.06399468332529068,0.05571342455223203,0.07263442240655421,
teacher_gap,abs_reduction,|D_S| − |D_T|（配对）,thr_base,correct,238,39428,0.01370741706341505,0.011523530539125203,0.015284897596575319,
teacher_gap,abs_reduction,|D_S| − |D_T|（配对）,thr_best,correct,239,43859,-0.00818999670445919,-0.016411315416917205,-0.0013544492190703796,
teacher_gap,abs_reduction,|D_S| − |D_T|（配对）,fixed_base,wrong,75,16218,0.07963836193084717,0.06704887524247169,0.09281728509813547,
teacher_gap,abs_reduction,|D_S| − |D_T|（配对）,fixed_best,wrong,54,11134,0.0877203717827797,0.06640066299587488,0.11205043457448477,
teacher_gap,abs_reduction,|D_S| − |D_T|（配对）,thr_base,wrong,62,9637,0.01379093062132597,0.011998601467348635,0.015592972468584775,
teacher_gap,abs_reduction,|D_S| − |D_T|（配对）,thr_best,wrong,61,11310,-0.004726690705865622,-0.015517168585211039,0.005819344101473679,
teacher_gap,frac_abs_smaller,P(|D_T| < |D_S|),fixed_base,correct,225,47498,0.8296770390332224,0.8198571986007774,0.8387853603385935,
teacher_gap,frac_abs_smaller,P(|D_T| < |D_S|),fixed_best,correct,246,49618,0.4084807932605103,0.40033878744699264,0.4167050480051709,
teacher_gap,frac_abs_smaller,P(|D_T| < |D_S|),thr_base,correct,238,39428,0.9216039362889317,0.9152530027166035,0.9277658613002225,
teacher_gap,frac_abs_smaller,P(|D_T| < |D_S|),thr_best,correct,239,43859,0.5199388950956474,0.5061904320661671,0.5336641803073585,
teacher_gap,frac_abs_smaller,P(|D_T| < |D_S|),fixed_base,wrong,75,16218,0.7957208040448884,0.7775429342845913,0.8139731707677583,
teacher_gap,frac_abs_smaller,P(|D_T| < |D_S|),fixed_best,wrong,54,11134,0.427429495239806,0.40802646607533793,0.4462077724805448,
teacher_gap,frac_abs_smaller,P(|D_T| < |D_S|),thr_base,wrong,62,9637,0.9079589083739753,0.8941898833796744,0.9209855708775366,
teacher_gap,frac_abs_smaller,P(|D_T| < |D_S|),thr_best,wrong,61,11310,0.49575596816976125,0.46718923198733175,0.5240466100773515,
teacher_gap,coord,coord = D_S − D_T,fixed_base,correct,225,47498,-0.034125685691833496,-0.04225162798538804,-0.02631375184282662,
teacher_gap,coord,coord = D_S − D_T,fixed_best,correct,246,49618,-0.07040461152791977,-0.08011583872139454,-0.06133081382140517,
teacher_gap,coord,coord = D_S − D_T,thr_base,correct,238,39428,0.011757898144423962,0.009529393282718956,0.013541500130668281,
teacher_gap,coord,coord = D_S − D_T,thr_best,correct,239,43859,-0.02589310333132744,-0.033919432759284975,-0.019398965407162908,
teacher_gap,coord,coord = D_S − D_T,fixed_base,wrong,75,16218,-0.04322707653045654,-0.056567191146314144,-0.030922748241573587,
teacher_gap,coord,coord = D_S − D_T,fixed_best,wrong,54,11134,-0.09924105554819107,-0.12505265064537524,-0.07637510858476164,
teacher_gap,coord,coord = D_S − D_T,thr_base,wrong,62,9637,0.010672860778868198,0.008519918587990106,0.012650221353396768,
teacher_gap,coord,coord = D_S − D_T,thr_best,wrong,61,11310,-0.03790270909667015,-0.049022101890295745,-0.028111728979274636,
control,ctrl_ok,有匹配对照的比例,fixed_base,correct,225,47498,0.9371552486420481,0.9369197057242911,0.9373791381305613,
control,ctrl_ok,有匹配对照的比例,fixed_best,correct,246,49618,0.9371800556249749,0.9368497301987904,0.9375242631086668,
control,ctrl_ok,有匹配对照的比例,thr_base,correct,238,39428,0.5473521355381962,0.5295168205437185,0.5654164545360988,
control,ctrl_ok,有匹配对照的比例,thr_best,correct,239,43859,0.3769123783031989,0.3613243777356679,0.3926402015522288,
control,ctrl_ok,有匹配对照的比例,fixed_base,wrong,75,16218,0.9372302380071525,0.9369981052123979,0.9374046732963212,
control,ctrl_ok,有匹配对照的比例,fixed_best,wrong,54,11134,0.936680438297108,0.9359644695338546,0.9373566411966775,
control,ctrl_ok,有匹配对照的比例,thr_base,wrong,62,9637,0.5890837397530352,0.5478375973906539,0.6306013970808616,
control,ctrl_ok,有匹配对照的比例,thr_best,wrong,61,11310,0.4610079575596817,0.4231978997112711,0.4988483932956062,
control,D_S_ctrl,"D_S,ctrl（带符号）",fixed_base,correct,225,44513,0.019576510414481163,0.014429999329149724,0.02481433223001659,
control,D_S_ctrl,"D_S,ctrl（带符号）",fixed_best,correct,246,46501,-0.025166437029838562,-0.031085465149953962,-0.019349161069840193,
control,D_S_ctrl,"D_S,ctrl（带符号）",thr_base,correct,238,21581,0.022165432572364807,0.021119183162227273,0.023091866308823226,
control,D_S_ctrl,"D_S,ctrl（带符号）",thr_best,correct,239,16531,0.008016037754714489,0.0015155733446590603,0.013487858069129284,
control,D_S_ctrl,"D_S,ctrl（带符号）",fixed_base,wrong,75,15200,0.017626792192459106,0.007773398468270898,0.027828903589397665,
control,D_S_ctrl,"D_S,ctrl（带符号）",fixed_best,wrong,54,10429,-0.024128161370754242,-0.03690768666565418,-0.012864850554615267,
control,D_S_ctrl,"D_S,ctrl（带符号）",thr_base,wrong,62,5677,0.02140423096716404,0.018459040811285375,0.023575504263862967,
control,D_S_ctrl,"D_S,ctrl（带符号）",thr_best,wrong,61,5214,0.001089319004677236,-0.011103245872072875,0.012125850468873971,
control,absD_S_ctrl,"|D_S,ctrl|",fixed_base,correct,225,44513,0.1183355376124382,0.11070430390536785,0.12649683915078638,
control,absD_S_ctrl,"|D_S,ctrl|",fixed_best,correct,246,46501,0.06910810619592667,0.06247010203078389,0.07622885350137948,
control,absD_S_ctrl,"|D_S,ctrl|",thr_base,correct,238,21581,0.02590022422373295,0.024979384057223795,0.02696527107618749,
control,absD_S_ctrl,"|D_S,ctrl|",thr_best,correct,239,16531,0.03509153798222542,0.029689058288931848,0.04168856358155608,
control,absD_S_ctrl,"|D_S,ctrl|",fixed_base,wrong,75,15200,0.15945036709308624,0.14397683292627333,0.17538403794169424,
control,absD_S_ctrl,"|D_S,ctrl|",fixed_best,wrong,54,10429,0.07945585995912552,0.06443704217672348,0.09620096497237682,
control,absD_S_ctrl,"|D_S,ctrl|",thr_base,wrong,62,5677,0.026224108412861824,0.02402691524475813,0.029412292316555975,
control,absD_S_ctrl,"|D_S,ctrl|",thr_best,wrong,61,5214,0.044848255813121796,0.033943706378340724,0.05699939271435141,
control,sib_minus_ctrl,"D_S − D_S,ctrl（配对）",fixed_base,correct,225,44513,-0.11713317036628723,-0.12971148565411567,-0.10480887219309806,
control,sib_minus_ctrl,"D_S − D_S,ctrl（配对）",fixed_best,correct,246,46501,-0.06387744098901749,-0.07445250935852528,-0.054049124661833065,
control,sib_minus_ctrl,"D_S − D_S,ctrl（配对）",thr_base,correct,238,21581,-0.003992430400103331,-0.005175368173513562,-0.0028562702413182707,
control,sib_minus_ctrl,"D_S − D_S,ctrl（配对）",thr_best,correct,239,16531,-0.01953473687171936,-0.026656985003501176,-0.013196198712103072,
control,sib_minus_ctrl,"D_S − D_S,ctrl（配对）",fixed_base,wrong,75,15200,-0.153490349650383,-0.17757738009095192,-0.1294199049472809,
control,sib_minus_ctrl,"D_S − D_S,ctrl（配对）",fixed_best,wrong,54,10429,-0.08204258978366852,-0.10666939504444599,-0.05930883903056384,
control,sib_minus_ctrl,"D_S − D_S,ctrl（配对）",thr_base,wrong,62,5677,-0.003929539117962122,-0.00652828982565552,-0.0005165347582078564,
control,sib_minus_ctrl,"D_S − D_S,ctrl（配对）",thr_best,wrong,61,5214,-0.018511276692152023,-0.03345639603212476,-0.0070973530528135615,
control,abs_sib_minus_ctrl,"|D_S| − |D_S,ctrl|（配对）",fixed_base,correct,225,44513,0.05930868163704872,0.04885990796610713,0.07006930615752935,
control,abs_sib_minus_ctrl,"|D_S| − |D_S,ctrl|（配对）",fixed_best,correct,246,46501,0.045142874121665955,0.03592218542471528,0.05505186207592487,
control,abs_sib_minus_ctrl,"|D_S| − |D_S,ctrl|（配对）",thr_base,correct,238,21581,-0.0016464407090097666,-0.0026830525137484075,-0.0005689157973392871,
control,abs_sib_minus_ctrl,"|D_S| − |D_S,ctrl|（配对）",thr_best,correct,239,16531,0.014619611203670502,0.008399153710342944,0.02158775529824197,
control,abs_sib_minus_ctrl,"|D_S| − |D_S,ctrl|（配对）",fixed_base,wrong,75,15200,0.07575831562280655,0.057341307681053874,0.09431736860424278,
control,abs_sib_minus_ctrl,"|D_S| − |D_S,ctrl|（配对）",fixed_best,wrong,54,10429,0.05833923816680908,0.03669599667191505,0.08217517100274563,
control,abs_sib_minus_ctrl,"|D_S| − |D_S,ctrl|（配对）",thr_base,wrong,62,5677,-0.002272027777507901,-0.005474169808439911,0.000363147952884901,
control,abs_sib_minus_ctrl,"|D_S| − |D_S,ctrl|（配对）",thr_best,wrong,61,5214,0.013393734581768513,0.001916238313424401,0.028517192881554358,
control,js_sib_minus_ctrl,JS_sib − JS_ctrl（配对）,fixed_base,correct,225,44513,-0.00568560604006052,-0.0061765158316120505,-0.005216179694980384,
control,js_sib_minus_ctrl,JS_sib − JS_ctrl（配对）,fixed_best,correct,246,46501,-0.001022028154693544,-0.00138121543568559,-0.0006437068135710434,
control,js_sib_minus_ctrl,JS_sib − JS_ctrl（配对）,thr_base,correct,238,21581,-0.0008584262104704976,-0.0010627842188114301,-0.0006711249036015944,
control,js_sib_minus_ctrl,JS_sib − JS_ctrl（配对）,thr_best,correct,239,16531,0.0011829739669337869,0.0005745396207203157,0.0018317502719582986,
control,js_sib_minus_ctrl,JS_sib − JS_ctrl（配对）,fixed_base,wrong,75,15200,-0.006548014003783464,-0.007506645424291492,-0.005633042729459704,
control,js_sib_minus_ctrl,JS_sib − JS_ctrl（配对）,fixed_best,wrong,54,10429,-0.0010524551616981626,-0.0020350635692011564,1.4115025123828366e-05,
control,js_sib_minus_ctrl,JS_sib − JS_ctrl（配对）,thr_base,wrong,62,5677,-0.0009217680781148374,-0.0012928290729178117,-0.0005376777015044355,
control,js_sib_minus_ctrl,JS_sib − JS_ctrl（配对）,thr_best,wrong,61,5214,0.0010785013437271118,7.955432556627784e-05,0.0021600592008326203,
control,abs_reduction_ctrl,"|D_S,ctrl| − |D_T,ctrl|（配对）",fixed_base,correct,225,44513,0.04526607692241669,0.04159694295376539,0.04910167250782251,
control,abs_reduction_ctrl,"|D_S,ctrl| − |D_T,ctrl|（配对）",fixed_best,correct,246,46501,0.020750876516103745,0.01642872500233352,0.02509594764560461,
control,abs_reduction_ctrl,"|D_S,ctrl| − |D_T,ctrl|（配对）",thr_base,correct,238,21581,0.014462588354945183,0.011015825439244509,0.01693779812194407,
control,abs_reduction_ctrl,"|D_S,ctrl| − |D_T,ctrl|（配对）",thr_best,correct,239,16531,-0.01996428705751896,-0.029283690545707942,-0.01011910589877516,
control,abs_reduction_ctrl,"|D_S,ctrl| − |D_T,ctrl|（配对）",fixed_base,wrong,75,15200,0.04782997816801071,0.040749713126569984,0.05528164142742753,
control,abs_reduction_ctrl,"|D_S,ctrl| − |D_T,ctrl|（配对）",fixed_best,wrong,54,10429,0.021371887996792793,0.012159793241880833,0.03101719398982821,
control,abs_reduction_ctrl,"|D_S,ctrl| − |D_T,ctrl|（配对）",thr_base,wrong,62,5677,0.015024109743535519,0.012051122193224729,0.018570665549486873,
control,abs_reduction_ctrl,"|D_S,ctrl| − |D_T,ctrl|（配对）",thr_best,wrong,61,5214,-0.014044936746358871,-0.029065602784976365,0.0018047080870019134,
control,reduction_sib_minus_ctrl,"(|D_S|−|D_T|) − (|D_S,ctrl|−|D_T,ctrl|)",fixed_base,correct,225,44513,0.010438905097544193,0.005600227741524577,0.01542699427809566,
control,reduction_sib_minus_ctrl,"(|D_S|−|D_T|) − (|D_S,ctrl|−|D_T,ctrl|)",fixed_best,correct,246,46501,0.030366361141204834,0.024141921056434514,0.03682795437052846,
control,reduction_sib_minus_ctrl,"(|D_S|−|D_T|) − (|D_S,ctrl|−|D_T,ctrl|)",thr_base,correct,238,21581,-0.0016315492102876306,-0.0034575556230265645,-0.00026383104632259644,
control,reduction_sib_minus_ctrl,"(|D_S|−|D_T|) − (|D_S,ctrl|−|D_T,ctrl|)",thr_best,correct,239,16531,0.014277249574661255,0.008804114093072713,0.020133599499240516,
control,reduction_sib_minus_ctrl,"(|D_S|−|D_T|) − (|D_S,ctrl|−|D_T,ctrl|)",fixed_base,wrong,75,15200,0.017819844186306,0.008206324209459126,0.027469483902677894,
control,reduction_sib_minus_ctrl,"(|D_S|−|D_T|) − (|D_S,ctrl|−|D_T,ctrl|)",fixed_best,wrong,54,10429,0.04837290942668915,0.03208828000351786,0.06590054407715798,
control,reduction_sib_minus_ctrl,"(|D_S|−|D_T|) − (|D_S,ctrl|−|D_T,ctrl|)",thr_base,wrong,62,5677,-0.0009993135463446379,-0.004277382860891521,0.0016541143268113939,
control,reduction_sib_minus_ctrl,"(|D_S|−|D_T|) − (|D_S,ctrl|−|D_T,ctrl|)",thr_best,wrong,61,5214,0.008898520842194557,0.0015704498917330056,0.016629128716886026,
control,ctrl_dist_gap,匹配质量：距离差,fixed_base,correct,225,44513,1.7943971157073975,1.7670668005943297,1.824754613637924,
control,ctrl_dist_gap,匹配质量：距离差,fixed_best,correct,246,46501,1.9212490320205688,1.8940616101026535,1.9476355969905852,
control,ctrl_dist_gap,匹配质量：距离差,thr_base,correct,238,21581,4.393049716949463,4.283327949047089,4.495748710632324,
control,ctrl_dist_gap,匹配质量：距离差,thr_best,correct,239,16531,5.61743688583374,5.495493710041046,5.742043840885162,
control,ctrl_dist_gap,匹配质量：距离差,fixed_base,wrong,75,15200,1.902434229850769,1.8502074092626573,1.9562042653560638,
control,ctrl_dist_gap,匹配质量：距离差,fixed_best,wrong,54,10429,1.9786173105239868,1.9058849096298218,2.0533758103847504,
control,ctrl_dist_gap,匹配质量：距离差,thr_base,wrong,62,5677,4.3046159744262695,4.094429862499237,4.50818041563034,
control,ctrl_dist_gap,匹配质量：距离差,thr_best,wrong,61,5214,5.35951566696167,5.115894508361817,5.623607492446899,
control,ctrl_conf_gap,匹配质量：信心差,fixed_base,correct,225,44513,0.12690803408622742,0.12073278706520796,0.13337317444384097,
control,ctrl_conf_gap,匹配质量：信心差,fixed_best,correct,246,46501,0.0604061484336853,0.05691830152645707,0.06387964803725481,
control,ctrl_conf_gap,匹配质量：信心差,thr_base,correct,238,21581,0.5385462641716003,0.5181430041790008,0.5584776416420937,
control,ctrl_conf_gap,匹配质量：信心差,thr_best,correct,239,16531,0.6198346018791199,0.5851636126637458,0.6558686912059783,
control,ctrl_conf_gap,匹配质量：信心差,fixed_base,wrong,75,15200,0.16287507116794586,0.14896057583391667,0.1766389526426792,
control,ctrl_conf_gap,匹配质量：信心差,fixed_best,wrong,54,10429,0.07480232417583466,0.06411351319402456,0.0867656674236059,
control,ctrl_conf_gap,匹配质量：信心差,thr_base,wrong,62,5677,0.5939154624938965,0.5436267018318176,0.6447072297334671,
control,ctrl_conf_gap,匹配质量：信心差,thr_best,wrong,61,5214,0.6545724272727966,0.5847235903143883,0.7338375866413116,
control,ctrl_delay,匹配质量：揭开延迟,fixed_base,correct,225,44513,1.180643916130066,1.1725071579217912,1.1895935267210007,
control,ctrl_delay,匹配质量：揭开延迟,fixed_best,correct,246,46501,1.2253284454345703,1.2170879602432252,1.2339238703250885,
control,ctrl_delay,匹配质量：揭开延迟,thr_base,correct,238,21581,2.0804154872894287,2.03824919462204,2.1215958118438722,
control,ctrl_delay,匹配质量：揭开延迟,thr_best,correct,239,16531,1.8336340188980103,1.7904265701770783,1.8737516492605208,
control,ctrl_delay,匹配质量：揭开延迟,fixed_base,wrong,75,15200,1.2014473676681519,1.1879022657871245,1.2145621478557587,
control,ctrl_delay,匹配质量：揭开延迟,fixed_best,wrong,54,10429,1.2184293270111084,1.2042383313179017,1.2335493862628937,
control,ctrl_delay,匹配质量：揭开延迟,thr_base,wrong,62,5677,2.1701369285583496,2.0827111423015596,2.257524609565735,
control,ctrl_delay,匹配质量：揭开延迟,thr_best,wrong,61,5214,1.9228942394256592,1.8339482545852661,2.012969696521759,
cogain,pair_cogain_diff,co-gain real − distance-matched expectation,fixed_base,correct,225,23656,0.028640225103208183,0.026082689903076047,0.031194287687497664,p=0.0020
cogain,pair_cogain_real,P(both g>0) co-decoded pairs,fixed_base,correct,225,23656,0.7759130875887724,,,
cogain,pair_cogain_expect,distance-matched expectation,fixed_base,correct,225,23656,0.7472728624855642,,,
cogain,pair_cogain_diff,co-gain real − distance-matched expectation,fixed_best,correct,246,24631,0.06385724317461236,0.060835929518667536,0.06680274628636715,p=0.0020
cogain,pair_cogain_real,P(both g>0) co-decoded pairs,fixed_best,correct,246,24631,0.22150947992367342,,,
cogain,pair_cogain_expect,distance-matched expectation,fixed_best,correct,246,24631,0.15765223674906106,,,
cogain,pair_cogain_diff,co-gain real − distance-matched expectation,thr_base,correct,238,173085,0.0780685448396683,0.06504151178016128,0.09129121203560804,p=0.0020
cogain,pair_cogain_real,P(both g>0) co-decoded pairs,thr_base,correct,238,173085,0.9161105815061964,,,
cogain,pair_cogain_expect,distance-matched expectation,thr_base,correct,238,173085,0.8380420366665281,,,
cogain,pair_cogain_diff,co-gain real − distance-matched expectation,thr_best,correct,239,253299,0.05861031783269005,0.04110128265250585,0.07636401813887285,p=0.0020
cogain,pair_cogain_real,P(both g>0) co-decoded pairs,thr_best,correct,239,253299,0.3682130604542458,,,
cogain,pair_cogain_expect,distance-matched expectation,thr_best,correct,239,253299,0.30960274262155574,,,
cogain,pair_cogain_diff,co-gain real − distance-matched expectation,fixed_base,wrong,75,8092,0.03248907138220836,0.027795293179600535,0.03739035775555333,p=0.0020
cogain,pair_cogain_real,P(both g>0) co-decoded pairs,fixed_base,wrong,75,8092,0.717869500741473,,,
cogain,pair_cogain_expect,distance-matched expectation,fixed_base,wrong,75,8092,0.6853804293592647,,,
cogain,pair_cogain_diff,co-gain real − distance-matched expectation,fixed_best,wrong,54,5540,0.06004261304967881,0.05376496398095658,0.06713277810415649,p=0.0020
cogain,pair_cogain_real,P(both g>0) co-decoded pairs,fixed_best,wrong,54,5540,0.22490974729241878,,,
cogain,pair_cogain_expect,distance-matched expectation,fixed_best,wrong,54,5540,0.16486713424273997,,,
cogain,pair_cogain_diff,co-gain real − distance-matched expectation,thr_base,wrong,62,38957,0.04671065881863312,0.031888943674284825,0.06351827884804183,p=0.0020
cogain,pair_cogain_real,P(both g>0) co-decoded pairs,thr_base,wrong,62,38957,0.9103113689452473,,,
cogain,pair_cogain_expect,distance-matched expectation,thr_base,wrong,62,38957,0.8636007101266142,,,
cogain,pair_cogain_diff,co-gain real − distance-matched expectation,thr_best,wrong,61,59492,0.04853228795726383,0.02272446306664635,0.07560331666299022,p=0.0020
cogain,pair_cogain_real,P(both g>0) co-decoded pairs,thr_best,wrong,61,59492,0.3364990250790022,,,
cogain,pair_cogain_expect,distance-matched expectation,thr_best,wrong,61,59492,0.28796673712173837,,,
decisions,defer_redirect_conflict,暂缓或改向 | D_S < 0,fixed_base,correct,225,12313,0.19605295216437912,0.18254482130322444,0.2100634779929685,
decisions,defer_redirect_conflict,暂缓或改向 | D_S < 0,fixed_best,correct,246,12570,0.6043754972155927,0.5909365199594381,0.617865524326475,
decisions,defer_redirect_conflict,暂缓或改向 | D_S < 0,thr_base,correct,238,2657,0.11780203236733158,0.10481314157575279,0.1309962739295046,
decisions,defer_redirect_conflict,暂缓或改向 | D_S < 0,thr_best,correct,239,3346,0.5953377166766288,0.573836840191056,0.6149122874307585,
decisions,defer_redirect_conflict,暂缓或改向 | D_S < 0,fixed_base,wrong,75,4455,0.24826038159371494,0.221082493283612,0.27587941131944604,
decisions,defer_redirect_conflict,暂缓或改向 | D_S < 0,fixed_best,wrong,54,3074,0.6278464541314248,0.5965556693866731,0.6615878192413549,
decisions,defer_redirect_conflict,暂缓或改向 | D_S < 0,thr_base,wrong,62,755,0.12582781456953643,0.10116583312674478,0.1516431372549019,
decisions,defer_redirect_conflict,暂缓或改向 | D_S < 0,thr_best,wrong,61,1018,0.6493123772102161,0.6134846866096866,0.6875029315196998,
decisions,defer_redirect_noconflict,暂缓或改向 | D_S ≥ 0,fixed_base,correct,225,35185,0.13269859315049026,0.12210982359535501,0.14380359826031264,
decisions,defer_redirect_noconflict,暂缓或改向 | D_S ≥ 0,fixed_best,correct,246,37048,0.6687540488015548,0.6584120842653336,0.6787071459204025,
decisions,defer_redirect_noconflict,暂缓或改向 | D_S ≥ 0,thr_base,correct,238,36771,0.06059122678197493,0.05462584807392012,0.06664523452397361,
decisions,defer_redirect_noconflict,暂缓或改向 | D_S ≥ 0,thr_best,correct,239,40513,0.48880606225162293,0.47458571156328044,0.5029659068859079,
decisions,defer_redirect_noconflict,暂缓或改向 | D_S ≥ 0,fixed_base,wrong,75,11763,0.16789934540508375,0.14941717660601528,0.1868685275949365,
decisions,defer_redirect_noconflict,暂缓或改向 | D_S ≥ 0,fixed_best,wrong,54,8060,0.6512406947890819,0.6290386091560444,0.6734015267855025,
decisions,defer_redirect_noconflict,暂缓或改向 | D_S ≥ 0,thr_base,wrong,62,8882,0.07306912857464536,0.06122131973258754,0.0851689260720179,
decisions,defer_redirect_noconflict,暂缓或改向 | D_S ≥ 0,thr_best,wrong,61,10292,0.5156432180334241,0.48508261014483056,0.5469295421477036,
decisions,overlap,顺序重合度,fixed_base,correct,225,23838,0.5436487793922424,0.5355264052748681,0.5516403496265412,
decisions,overlap,顺序重合度,fixed_best,correct,246,24974,0.5397413372993469,0.5324661135673523,0.5473641499876976,
decisions,overlap,顺序重合度,thr_base,correct,238,17542,0.5059210062026978,0.4976455748081207,0.5140534833073616,
decisions,overlap,顺序重合度,thr_best,correct,239,9478,0.5873640179634094,0.5787435784935951,0.5965560227632523,
decisions,overlap,顺序重合度,fixed_base,wrong,75,8125,0.5544615387916565,0.5405321940779686,0.5677371725440026,
decisions,overlap,顺序重合度,fixed_best,wrong,54,5594,0.5406685471534729,0.5253200173377991,0.5567272424697876,
decisions,overlap,顺序重合度,thr_base,wrong,62,5324,0.4986185133457184,0.483208554983139,0.514291787147522,
decisions,overlap,顺序重合度,thr_best,wrong,61,3087,0.5649864673614502,0.55074702501297,0.5791548177599907,
decisions,premature,过早提交率,fixed_base,correct,225,47498,0.19737673165185904,0.19230139593794796,0.20264066364685987,
decisions,premature,过早提交率,fixed_best,correct,246,49618,0.18142609536861623,0.17680513707192846,0.1860816193172222,
decisions,premature,过早提交率,thr_base,correct,238,50282,0.2681874229346486,0.2602885480884585,0.27615979298891735,
decisions,premature,过早提交率,thr_best,correct,239,48070,0.3471395881006865,0.33898905994340395,0.35555899627145954,
decisions,premature,过早提交率,fixed_base,wrong,75,16218,0.18448637316561844,0.17413281509022474,0.19481929339575385,
decisions,premature,过早提交率,fixed_best,wrong,54,11134,0.17855218250404167,0.1685658192696955,0.1879850493271361,
decisions,premature,过早提交率,thr_base,wrong,62,13179,0.24197587070339177,0.22343850975116908,0.26072321561104833,
decisions,premature,过早提交率,thr_best,wrong,61,12836,0.311078217513244,0.29052200695744984,0.3303419303129279,
decisions,premature_conflict,过早提交率 | D_S < 0,fixed_base,correct,225,12313,0.2427515633882888,0.23466055679532571,0.25102726867802294,
decisions,premature_conflict,过早提交率 | D_S < 0,fixed_best,correct,246,12570,0.23778838504375496,0.22903869629829052,0.2463706759413979,
decisions,premature_conflict,过早提交率 | D_S < 0,thr_base,correct,238,2657,0.2852841550621001,0.2671486728922695,0.30273305098716746,
decisions,premature_conflict,过早提交率 | D_S < 0,thr_best,correct,239,3346,0.3992827256425583,0.38285614904234744,0.4167492268726473,
decisions,premature_conflict,过早提交率 | D_S < 0,fixed_base,wrong,75,4455,0.24152637485970818,0.22629272935296815,0.2566629574955793,
decisions,premature_conflict,过早提交率 | D_S < 0,fixed_best,wrong,54,3074,0.23194534808067666,0.21437583221039078,0.25,
decisions,premature_conflict,过早提交率 | D_S < 0,thr_base,wrong,62,755,0.24635761589403973,0.2129263449158604,0.28096110246981437,
decisions,premature_conflict,过早提交率 | D_S < 0,thr_best,wrong,61,1018,0.3664047151277014,0.32858889700750304,0.4004289545592551,
decisions,premature_noconflict,过早提交率 | D_S ≥ 0,fixed_base,correct,225,35185,0.1814977973568282,0.17584669686033644,0.18716000000311725,
decisions,premature_noconflict,过早提交率 | D_S ≥ 0,fixed_best,correct,246,37048,0.162302958324336,0.15743978259201646,0.1674570848901434,
decisions,premature_noconflict,过早提交率 | D_S ≥ 0,thr_base,correct,238,36771,0.2731772320578717,0.2644905029234526,0.2821704913387583,
decisions,premature_noconflict,过早提交率 | D_S ≥ 0,thr_best,correct,239,40513,0.3525535013452472,0.3445005588959507,0.3608750915237957,
decisions,premature_noconflict,过早提交率 | D_S ≥ 0,fixed_base,wrong,75,11763,0.16288361812462807,0.1512904862110384,0.17432482412876343,
decisions,premature_noconflict,过早提交率 | D_S ≥ 0,fixed_best,wrong,54,8060,0.15818858560794044,0.1475576713674789,0.1680810823489548,
decisions,premature_noconflict,过早提交率 | D_S ≥ 0,thr_base,wrong,62,8882,0.2500562936275614,0.22956344901907755,0.26970969348463014,
decisions,premature_noconflict,过早提交率 | D_S ≥ 0,thr_best,wrong,61,10292,0.31849980567431013,0.2973190540699441,0.33931551097132834,
decisions,spearman,顺序相关 Spearman,fixed_base,correct,225,22335,0.37330514192581177,0.3627024687826633,0.38479830548167226,
decisions,spearman,顺序相关 Spearman,fixed_best,correct,246,23397,0.43485233187675476,0.425658518075943,0.4440911941230297,
decisions,spearman,顺序相关 Spearman,thr_base,correct,238,15959,0.22222748398780823,0.20949161238968372,0.23454559892416,
decisions,spearman,顺序相关 Spearman,thr_best,correct,239,8333,0.2806151807308197,0.2666227906942368,0.29501574784517287,
decisions,spearman,顺序相关 Spearman,fixed_base,wrong,75,7615,0.38498857617378235,0.3642091013491154,0.4065715990960598,
decisions,spearman,顺序相关 Spearman,fixed_best,wrong,54,5239,0.41657891869544983,0.39829800724983216,0.4342536561191082,
decisions,spearman,顺序相关 Spearman,thr_base,wrong,62,4877,0.2521679401397705,0.22219568975269793,0.28036143630743027,
decisions,spearman,顺序相关 Spearman,thr_best,wrong,61,2710,0.2805689871311188,0.25560240671038625,0.3041189596056938,
direction,cos_sib,"cos(Δ_PI, Δ_sib)",fixed_base,correct,225,47498,0.3790189325809479,0.3669993124902248,0.39079856500029564,
direction,cos_sib,"cos(Δ_PI, Δ_sib)",fixed_best,correct,246,49618,0.015633413568139076,0.00588502143509686,0.025500020571053026,
direction,cos_sib,"cos(Δ_PI, Δ_sib)",thr_base,correct,238,39428,0.7585222721099854,0.745729210972786,0.77113136947155,
direction,cos_sib,"cos(Δ_PI, Δ_sib)",thr_best,correct,239,43859,0.17200347781181335,0.14845616593956948,0.19515399150550364,
direction,cos_sib,"cos(Δ_PI, Δ_sib)",fixed_base,wrong,75,16218,0.3427730202674866,0.32375278174877165,0.3623985737562179,
direction,cos_sib,"cos(Δ_PI, Δ_sib)",fixed_best,wrong,54,11134,0.01523607224225998,-0.001463219674769789,0.03179512917995452,
direction,cos_sib,"cos(Δ_PI, Δ_sib)",thr_base,wrong,62,9637,0.7228432893753052,0.6963193714618683,0.7484943494200706,
direction,cos_sib,"cos(Δ_PI, Δ_sib)",thr_best,wrong,61,11310,0.1187104880809784,0.07013574428856373,0.16620131842792032,
direction,frac_cos_sib_pos,"P(cos(Δ_PI, Δ_sib) > 0)",fixed_base,correct,225,47498,0.6687439471135627,0.6620067255147248,0.6754139341507206,
direction,frac_cos_sib_pos,"P(cos(Δ_PI, Δ_sib) > 0)",fixed_best,correct,246,49618,0.32012576081260835,0.31372274426765,0.3268751677885113,
direction,frac_cos_sib_pos,"P(cos(Δ_PI, Δ_sib) > 0)",thr_base,correct,238,39428,0.874302526123567,0.8678025568076174,0.8810202190427106,
direction,frac_cos_sib_pos,"P(cos(Δ_PI, Δ_sib) > 0)",thr_best,correct,239,43859,0.5070795047766707,0.49455531147136733,0.5192380428682223,
direction,frac_cos_sib_pos,"P(cos(Δ_PI, Δ_sib) > 0)",fixed_base,wrong,75,16218,0.6635220125786163,0.6538199316132208,0.6739322037651236,
direction,frac_cos_sib_pos,"P(cos(Δ_PI, Δ_sib) > 0)",fixed_best,wrong,54,11134,0.3611460391593318,0.3447811987826823,0.3780349228846058,
direction,frac_cos_sib_pos,"P(cos(Δ_PI, Δ_sib) > 0)",thr_base,wrong,62,9637,0.8593960776175158,0.8456165560395238,0.872720695571405,
direction,frac_cos_sib_pos,"P(cos(Δ_PI, Δ_sib) > 0)",thr_best,wrong,61,11310,0.49434129089301504,0.4690955772946571,0.519130785786393,
direction,frac_cos_ctrl_pos,"P(cos(Δ_PI, Δ_ctrl) > 0)",fixed_base,correct,225,44513,0.7418956259968997,0.7344583713904824,0.7494336080087538,
direction,frac_cos_ctrl_pos,"P(cos(Δ_PI, Δ_ctrl) > 0)",fixed_best,correct,246,46501,0.32515429775703747,0.318134013449375,0.3325152640563443,
direction,frac_cos_ctrl_pos,"P(cos(Δ_PI, Δ_ctrl) > 0)",thr_base,correct,238,21581,0.8820721931328483,0.8749942722297039,0.8893943840527526,
direction,frac_cos_ctrl_pos,"P(cos(Δ_PI, Δ_ctrl) > 0)",thr_best,correct,239,16531,0.512249712661061,0.49704464715096375,0.527992273000837,
direction,frac_cos_ctrl_pos,"P(cos(Δ_PI, Δ_ctrl) > 0)",fixed_base,wrong,75,15200,0.7309210526315789,0.716504971455436,0.7453395747914741,
direction,frac_cos_ctrl_pos,"P(cos(Δ_PI, Δ_ctrl) > 0)",fixed_best,wrong,54,10429,0.36369738229935755,0.34598551519969317,0.38160894830924585,
direction,frac_cos_ctrl_pos,"P(cos(Δ_PI, Δ_ctrl) > 0)",thr_base,wrong,62,5677,0.8629557865069579,0.8461660519934846,0.8800788440668227,
direction,frac_cos_ctrl_pos,"P(cos(Δ_PI, Δ_ctrl) > 0)",thr_best,wrong,61,5214,0.48331415420023016,0.4544936724920646,0.5121538802394386,
direction,cos_sib_minus_ctrl,cos_sib − cos_ctrl（配对）,fixed_base,correct,225,44513,-0.1335131824016571,-0.14170159474015237,-0.1253471475094557,
direction,cos_sib_minus_ctrl,cos_sib − cos_ctrl（配对）,fixed_best,correct,246,46501,-0.018469465896487236,-0.02616999843157828,-0.01052012983709574,
direction,cos_sib_minus_ctrl,cos_sib − cos_ctrl（配对）,thr_base,correct,238,21581,-0.05280592665076256,-0.061049333028495315,-0.04495280077680946,
direction,cos_sib_minus_ctrl,cos_sib − cos_ctrl（配对）,thr_best,correct,239,16531,-0.040266137570142746,-0.05093379253521561,-0.029774069134145986,
direction,cos_sib_minus_ctrl,cos_sib − cos_ctrl（配对）,fixed_base,wrong,75,15200,-0.1247328594326973,-0.14187579229474068,-0.10652516260743143,
direction,cos_sib_minus_ctrl,cos_sib − cos_ctrl（配对）,fixed_best,wrong,54,10429,-0.015488432720303535,-0.032578463479876515,0.0015790365141583542,
direction,cos_sib_minus_ctrl,cos_sib − cos_ctrl（配对）,thr_base,wrong,62,5677,-0.0547129362821579,-0.07018768303096294,-0.03961000042036177,
direction,cos_sib_minus_ctrl,cos_sib − cos_ctrl（配对）,thr_best,wrong,61,5214,-0.03728947043418884,-0.05161724891513586,-0.022943124361336234,
threshold,absD_S|C_t|=2,|D_S|,thr_base,correct,237,3316,0.02273363620042801,0.018291850481182335,0.02893078932538628,
threshold,absD_S|C_t|=2,|D_S|,thr_best,correct,224,1670,0.04578207805752754,0.030232511973008514,0.06711893193423747,
threshold,absD_S|C_t|=3–4,|D_S|,thr_base,correct,237,6802,0.02148619294166565,0.020431508775800467,0.022581269312649966,
threshold,absD_S|C_t|=3–4,|D_S|,thr_best,correct,235,4216,0.06001479923725128,0.03881322257220745,0.086081806384027,
threshold,absD_S|C_t|=5–8,|D_S|,thr_base,correct,237,10724,0.023530350998044014,0.021818789606913924,0.025636647595092647,
threshold,absD_S|C_t|=5–8,|D_S|,thr_best,correct,238,7987,0.03508111834526062,0.026275316765531898,0.04653227031230926,
threshold,absD_S|C_t|=9+,|D_S|,thr_base,correct,237,18586,0.019699739292263985,0.01864286116324365,0.020728415669873355,
threshold,absD_S|C_t|=9+,|D_S|,thr_best,correct,239,29986,0.02082093246281147,0.018219312326982616,0.02381881941109895,
threshold,absD_S|C_t|=2,|D_S|,thr_base,wrong,61,1049,0.019003577530384064,0.01630104179494083,0.022333572525531052,
threshold,absD_S|C_t|=2,|D_S|,thr_best,wrong,59,585,0.02147200144827366,0.017719061020761727,0.02541592535562813,
threshold,absD_S|C_t|=3–4,|D_S|,thr_base,wrong,62,1830,0.02427932620048523,0.019174564024433495,0.030420535989105702,
threshold,absD_S|C_t|=3–4,|D_S|,thr_best,wrong,61,1399,0.06816862523555756,0.02977696545422077,0.12259787283837786,
threshold,absD_S|C_t|=5–8,|D_S|,thr_base,wrong,62,2582,0.023178735747933388,0.021153149707242847,0.025555993570014833,
threshold,absD_S|C_t|=5–8,|D_S|,thr_best,wrong,61,2452,0.04164857044816017,0.029732972849160433,0.05704884119331835,
threshold,absD_S|C_t|=9+,|D_S|,thr_base,wrong,61,4176,0.020625505596399307,0.018643956491723658,0.0226806475315243,
threshold,absD_S|C_t|=9+,|D_S|,thr_best,wrong,61,6874,0.04165717959403992,0.02760702194646001,0.06047031609341502,
threshold,D_S|C_t|=2,D_S,thr_base,correct,237,3316,0.009225433692336082,0.0032803360023535787,0.013753745751455423,
threshold,D_S|C_t|=2,D_S,thr_best,correct,224,1670,-0.018519321456551552,-0.039443768188357355,-0.00269813274499029,
threshold,D_S|C_t|=3–4,D_S,thr_base,correct,237,6802,0.017191534861922264,0.01611718046478927,0.018258212553337216,
threshold,D_S|C_t|=3–4,D_S,thr_best,correct,235,4216,-0.027944402769207954,-0.054122344590723515,-0.006421758292708548,
threshold,D_S|C_t|=5–8,D_S,thr_base,correct,237,10724,0.017486797645688057,0.015148371015675366,0.019380508968606592,
threshold,D_S|C_t|=5–8,D_S,thr_best,correct,238,7987,-0.001518267672508955,-0.013157955976203084,0.007487948983907694,
threshold,D_S|C_t|=9+,D_S,thr_base,correct,237,18586,0.018017088994383812,0.016999806137755515,0.019024680647999045,
threshold,D_S|C_t|=9+,D_S,thr_best,correct,239,29986,0.00395582802593708,0.0009394894528668374,0.006593592255376275,
threshold,D_S|C_t|=2,D_S,thr_base,wrong,61,1049,0.00965912826359272,0.005812172940932214,0.012989865546114742,
threshold,D_S|C_t|=2,D_S,thr_best,wrong,59,585,0.009347736835479736,0.004824307921808213,0.014048681058920919,
threshold,D_S|C_t|=3–4,D_S,thr_base,wrong,62,1830,0.01347717922180891,0.007611932302825153,0.018153941305354238,
threshold,D_S|C_t|=3–4,D_S,thr_best,wrong,61,1399,-0.02733132243156433,-0.08202140908688307,0.010998614039272069,
threshold,D_S|C_t|=5–8,D_S,thr_base,wrong,62,2582,0.019310088828206062,0.01714722951874137,0.02149908561259508,
threshold,D_S|C_t|=5–8,D_S,thr_best,wrong,61,2452,-0.005436548963189125,-0.021208342909812928,0.006902699288912111,
threshold,D_S|C_t|=9+,D_S,thr_base,wrong,61,4176,0.018869560211896896,0.01669799122028053,0.0209836205933243,
threshold,D_S|C_t|=9+,D_S,thr_best,wrong,61,6874,-0.015252894721925259,-0.03280307743698359,-0.0017427881073672346,
threshold,js_sib|C_t|=2,JS_sib,thr_base,correct,237,3316,0.005673084873706102,0.004951379098929465,0.006613155698869377,
threshold,js_sib|C_t|=2,JS_sib,thr_best,correct,224,1670,0.009194851852953434,0.007047730032354593,0.011969370930455624,
threshold,js_sib|C_t|=3–4,JS_sib,thr_base,correct,237,6802,0.006525255739688873,0.006197386048734188,0.006870359077583999,
threshold,js_sib|C_t|=3–4,JS_sib,thr_best,correct,235,4216,0.010046548210084438,0.008686667052097618,0.011588573083281517,
threshold,js_sib|C_t|=5–8,JS_sib,thr_base,correct,237,10724,0.007246201857924461,0.006882314686663449,0.0076391030568629505,
threshold,js_sib|C_t|=5–8,JS_sib,thr_best,correct,238,7987,0.008097583428025246,0.007357268303167075,0.008947076136246323,
threshold,js_sib|C_t|=9+,JS_sib,thr_base,correct,237,18586,0.006576064974069595,0.0062135245185345415,0.006923786737024784,
threshold,js_sib|C_t|=9+,JS_sib,thr_best,correct,239,29986,0.005455091595649719,0.005130299879238009,0.005798006174154579,
threshold,js_sib|C_t|=2,JS_sib,thr_base,wrong,61,1049,0.005018831696361303,0.004273746919352561,0.005902045033872127,
threshold,js_sib|C_t|=2,JS_sib,thr_best,wrong,59,585,0.005975612439215183,0.004798666702117771,0.007153095689136535,
threshold,js_sib|C_t|=3–4,JS_sib,thr_base,wrong,62,1830,0.006744565907865763,0.005754787370096892,0.007832908118143677,
threshold,js_sib|C_t|=3–4,JS_sib,thr_best,wrong,61,1399,0.011463893577456474,0.008787666517309844,0.014817932434380052,
threshold,js_sib|C_t|=5–8,JS_sib,thr_base,wrong,62,2582,0.007382536772638559,0.006742337043397129,0.008090423140674829,
threshold,js_sib|C_t|=5–8,JS_sib,thr_best,wrong,61,2452,0.009976403787732124,0.00847807745449245,0.01165711367502808,
threshold,js_sib|C_t|=9+,JS_sib,thr_base,wrong,61,4176,0.006856725551187992,0.006193648849148303,0.007535374816507101,
threshold,js_sib|C_t|=9+,JS_sib,thr_best,wrong,61,6874,0.007339883130043745,0.00644153255270794,0.008396363048814236,
threshold,absD_T|C_t|=2,|D_T|,thr_base,correct,237,3316,0.014025040902197361,0.005773355939891189,0.029602068336680526,
threshold,absD_T|C_t|=2,|D_T|,thr_best,correct,224,1670,0.04641759395599365,0.025900738313794136,0.07766376007348297,
threshold,absD_T|C_t|=3–4,|D_T|,thr_base,correct,237,6802,0.008553404361009598,0.006498493871185928,0.011076854867860675,
threshold,absD_T|C_t|=3–4,|D_T|,thr_best,correct,235,4216,0.047291409224271774,0.03344643041491509,0.06443283502012491,
threshold,absD_T|C_t|=5–8,|D_T|,thr_base,correct,237,10724,0.008115814998745918,0.006450713670346886,0.010176734440028666,
threshold,absD_T|C_t|=5–8,|D_T|,thr_best,correct,238,7987,0.03710450604557991,0.028653083136305213,0.04571750117465853,
threshold,absD_T|C_t|=9+,|D_T|,thr_base,correct,237,18586,0.005801962222903967,0.0035389148048125207,0.009675293182954191,
threshold,absD_T|C_t|=9+,|D_T|,thr_best,correct,239,29986,0.03401457890868187,0.025190520286560058,0.045409280620515344,
threshold,absD_T|C_t|=2,|D_T|,thr_base,wrong,61,1049,0.011128630489110947,0.007884694170206786,0.014613027195446191,
threshold,absD_T|C_t|=2,|D_T|,thr_best,wrong,59,585,0.04058355838060379,0.0208836289588362,0.06678959932178256,
threshold,absD_T|C_t|=3–4,|D_T|,thr_base,wrong,62,1830,0.007022981531918049,0.004974557133391499,0.009491700842045241,
threshold,absD_T|C_t|=3–4,|D_T|,thr_best,wrong,61,1399,0.050960417836904526,0.027084598178043963,0.09104524180293082,
threshold,absD_T|C_t|=5–8,|D_T|,thr_base,wrong,62,2582,0.008501632139086723,0.006465354678221047,0.011015285667963325,
threshold,absD_T|C_t|=5–8,|D_T|,thr_best,wrong,61,2452,0.0461457222700119,0.030741214519366622,0.06382607128471136,
threshold,absD_T|C_t|=9+,|D_T|,thr_base,wrong,61,4176,0.007415025494992733,0.004655011545401067,0.010824004048481583,
threshold,absD_T|C_t|=9+,|D_T|,thr_best,wrong,61,6874,0.04970575124025345,0.033536434173583984,0.0670827569440007,
